Workbook

Sheet Read me
A1: AMUA — council field vetting
A3: Purpose | B3: Rank Auckland Council sports fields for ultimate: which fit, which have lights, and how good and reliable they are. Admins only enter data here.
A4: Legend | B4: Yellow cells = enter data (most have dropdowns). Grey cells = calculated; don't edit. Hover a Fields header for guidance.
A5: Sheets | B5: Parks — all 254 council parks from the council application form (region, name); set priority and status, amenities, notes. Rollups show fields entered and best tier. Fields — one row per council field you vet. Pick the park, type the council field name; the auto fit guess, region, reliability, evening-OK and tier fill in. Summary — counts by region. Settings — tier thresholds. Lists — dropdown values.
A6: Tiers | B6: A (go-to): fit = full, quality ≥ 4, reliability ≥ 70% or untested. B (backup): fit = full or reduced, quality ≥ 3, reliability ≥ 40% or untested. C (last resort): anything else that is usable. '—' = unsuitable/no fit. 'unrated' = no quality score yet. Thresholds live on the Settings sheet. Tier override (with a note) always wins.
A7: Lights | B7: Lights do NOT affect the tier. They only matter for evening slots: 'Evening OK' = Yes when lights are training or full.
A8: Reliability | B8: Enter council application outcomes per field (confirmed / declined). Fewer than the Settings minimum shows 'untested'. Later the app will compute this automatically from the council sync.
A9: Field names | B9: Council field lists are only shown per park in the council form, so only Devonport Domain's 8 fields are pre-filled. Add others as you open each park in the form (or once the extension harvests them).
A10: Who edits | B10: Admins only (decision 30 Sep 2026). Record your name in 'Vetted by' and the date in 'Vetted on'.
A11: Import | B11: This workbook mirrors the planned council_parks / council_fields tables (docs/council-field-vetting.md), so it can be imported into Supabase later.
A13: Example row (format only — not real data)
A14: Park | B14: Council field name | C14: Ultimate fit | D14: Surface | E14: Lights | F14: Lights access | G14: Quality | H14: Season | I14: Season notes | J14: Apps confirmed | K14: Apps declined | L14: Status | M14: Vetted by | N14: Vetted on | O14: → Evening OK | P14: → Final tier
A15: Devonport Domain | B15: Devonport Domain Rugby 1 | C15: full | D15: grass | E15: training | F15: Key from club | G15: 4 | H15: Winter | I15: Rugby club trains Tue/Thu | J15: 3 | K15: 1 | L15: vetted | M15: A. Admin | N15: 2026-10-05 | O15: Yes | P15: A

Sheet Parks
A1: Region | B1: Park | C1: Priority | D1: Park status | E1: Suburb | F1: Toilets | G1: Changing rooms | H1: Parking | I1: Park notes | J1: Fields entered | K1: Fields vetted | L1: Tier A | M1: Tier B | N1: Tier C | O1: Evening-OK A/B | P1: Best tier
A2: Central | B2: Alan Wood Reserve | D2: unreviewed | J2: =COUNTIF(Fields!$A$2:$A$1001,B2) -> 0 | K2: =COUNTIFS(Fields!$A$2:$A$1001,B2,Fields!$T$2:$T$1001,"vetted") -> 0 | L2: =COUNTIFS(Fields!$A$2:$A$1001,B2,Fields!$Z$2:$Z$1001,"A") -> 0 | M2: =COUNTIFS(Fields!$A$2:$A$1001,B2,Fields!$Z$2:$Z$1001,"B") -> 0 | N2: =COUNTIFS(Fields!$A$2:$A$1001,B2,Fields!$Z$2:$Z$1001,"C") -> 0 | O2: =COUNTIFS(Fields!$A$2:$A$1001,B2,Fields!$Z$2:$Z$1001,"A",Fields!$W$2:$W$1001,"Yes")+COUNTIFS(Fields!$A$2:$A$1001,B2,Fields!$Z$2:$Z$1001,"B",Fields!$W$2:$W$1001,"Yes") -> 0 | P2: =IF(L2>0,"A",IF(M2>0,"B",IF(N2>0,"C","")))
A3: Central | B3: Anderson Park | D3: unreviewed | J3: =COUNTIF(Fields!$A$2:$A$1001,B3) -> 0 | K3: =COUNTIFS(Fields!$A$2:$A$1001,B3,Fields!$T$2:$T$1001,"vetted") -> 0 | L3: =COUNTIFS(Fields!$A$2:$A$1001,B3,Fields!$Z$2:$Z$1001,"A") -> 0 | M3: =COUNTIFS(Fields!$A$2:$A$1001,B3,Fields!$Z$2:$Z$1001,"B") -> 0 | N3: =COUNTIFS(Fields!$A$2:$A$1001,B3,Fields!$Z$2:$Z$1001,"C") -> 0 | O3: =COUNTIFS(Fields!$A$2:$A$1001,B3,Fields!$Z$2:$Z$1001,"A",Fields!$W$2:$W$1001,"Yes")+COUNTIFS(Fields!$A$2:$A$1001,B3,Fields!$Z$2:$Z$1001,"B",Fields!$W$2:$W$1001,"Yes") -> 0 | P3: =IF(L3>0,"A",IF(M3>0,"B",IF(N3>0,"C","")))
A4: Central | B4: Arch Hill Scenic Reserve | D4: unreviewed | J4: =COUNTIF(Fields!$A$2:$A$1001,B4) -> 0 | K4: =COUNTIFS(Fields!$A$2:$A$1001,B4,Fields!$T$2:$T$1001,"vetted") -> 0 | L4: =COUNTIFS(Fields!$A$2:$A$1001,B4,Fields!$Z$2:$Z$1001,"A") -> 0 | M4: =COUNTIFS(Fields!$A$2:$A$1001,B4,Fields!$Z$2:$Z$1001,"B") -> 0 | N4: =COUNTIFS(Fields!$A$2:$A$1001,B4,Fields!$Z$2:$Z$1001,"C") -> 0 | O4: =COUNTIFS(Fields!$A$2:$A$1001,B4,Fields!$Z$2:$Z$1001,"A",Fields!$W$2:$W$1001,"Yes")+COUNTIFS(Fields!$A$2:$A$1001,B4,Fields!$Z$2:$Z$1001,"B",Fields!$W$2:$W$1001,"Yes") -> 0 | P4: =IF(L4>0,"A",IF(M4>0,"B",IF(N4>0,"C","")))
A5: Central | B5: Colin Maiden Park | D5: unreviewed | J5: =COUNTIF(Fields!$A$2:$A$1001,B5) -> 0 | K5: =COUNTIFS(Fields!$A$2:$A$1001,B5,Fields!$T$2:$T$1001,"vetted") -> 0 | L5: =COUNTIFS(Fields!$A$2:$A$1001,B5,Fields!$Z$2:$Z$1001,"A") -> 0 | M5: =COUNTIFS(Fields!$A$2:$A$1001,B5,Fields!$Z$2:$Z$1001,"B") -> 0 | N5: =COUNTIFS(Fields!$A$2:$A$1001,B5,Fields!$Z$2:$Z$1001,"C") -> 0 | O5: =COUNTIFS(Fields!$A$2:$A$1001,B5,Fields!$Z$2:$Z$1001,"A",Fields!$W$2:$W$1001,"Yes")+COUNTIFS(Fields!$A$2:$A$1001,B5,Fields!$Z$2:$Z$1001,"B",Fields!$W$2:$W$1001,"Yes") -> 0 | P5: =IF(L5>0,"A",IF(M5>0,"B",IF(N5>0,"C","")))
A6: Central | B6: Cox's Bay Reserve | D6: unreviewed | J6: =COUNTIF(Fields!$A$2:$A$1001,B6) -> 0 | K6: =COUNTIFS(Fields!$A$2:$A$1001,B6,Fields!$T$2:$T$1001,"vetted") -> 0 | L6: =COUNTIFS(Fields!$A$2:$A$1001,B6,Fields!$Z$2:$Z$1001,"A") -> 0 | M6: =COUNTIFS(Fields!$A$2:$A$1001,B6,Fields!$Z$2:$Z$1001,"B") -> 0 | N6: =COUNTIFS(Fields!$A$2:$A$1001,B6,Fields!$Z$2:$Z$1001,"C") -> 0 | O6: =COUNTIFS(Fields!$A$2:$A$1001,B6,Fields!$Z$2:$Z$1001,"A",Fields!$W$2:$W$1001,"Yes")+COUNTIFS(Fields!$A$2:$A$1001,B6,Fields!$Z$2:$Z$1001,"B",Fields!$W$2:$W$1001,"Yes") -> 0 | P6: =IF(L6>0,"A",IF(M6>0,"B",IF(N6>0,"C","")))
A7: Central | B7: Crossfield Reserve | D7: unreviewed | J7: =COUNTIF(Fields!$A$2:$A$1001,B7) -> 0 | K7: =COUNTIFS(Fields!$A$2:$A$1001,B7,Fields!$T$2:$T$1001,"vetted") -> 0 | L7: =COUNTIFS(Fields!$A$2:$A$1001,B7,Fields!$Z$2:$Z$1001,"A") -> 0 | M7: =COUNTIFS(Fields!$A$2:$A$1001,B7,Fields!$Z$2:$Z$1001,"B") -> 0 | N7: =COUNTIFS(Fields!$A$2:$A$1001,B7,Fields!$Z$2:$Z$1001,"C") -> 0 | O7: =COUNTIFS(Fields!$A$2:$A$1001,B7,Fields!$Z$2:$Z$1001,"A",Fields!$W$2:$W$1001,"Yes")+COUNTIFS(Fields!$A$2:$A$1001,B7,Fields!$Z$2:$Z$1001,"B",Fields!$W$2:$W$1001,"Yes") -> 0 | P7: =IF(L7>0,"A",IF(M7>0,"B",IF(N7>0,"C","")))
A8: Central | B8: Edendale Reserve | D8: unreviewed | J8: =COUNTIF(Fields!$A$2:$A$1001,B8) -> 0 | K8: =COUNTIFS(Fields!$A$2:$A$1001,B8,Fields!$T$2:$T$1001,"vetted") -> 0 | L8: =COUNTIFS(Fields!$A$2:$A$1001,B8,Fields!$Z$2:$Z$1001,"A") -> 0 | M8: =COUNTIFS(Fields!$A$2:$A$1001,B8,Fields!$Z$2:$Z$1001,"B") -> 0 | N8: =COUNTIFS(Fields!$A$2:$A$1001,B8,Fields!$Z$2:$Z$1001,"C") -> 0 | O8: =COUNTIFS(Fields!$A$2:$A$1001,B8,Fields!$Z$2:$Z$1001,"A",Fields!$W$2:$W$1001,"Yes")+COUNTIFS(Fields!$A$2:$A$1001,B8,Fields!$Z$2:$Z$1001,"B",Fields!$W$2:$W$1001,"Yes") -> 0 | P8: =IF(L8>0,"A",IF(M8>0,"B",IF(N8>0,"C","")))
A9: Central | B9: Ellerslie Domain | D9: unreviewed | J9: =COUNTIF(Fields!$A$2:$A$1001,B9) -> 0 | K9: =COUNTIFS(Fields!$A$2:$A$1001,B9,Fields!$T$2:$T$1001,"vetted") -> 0 | L9: =COUNTIFS(Fields!$A$2:$A$1001,B9,Fields!$Z$2:$Z$1001,"A") -> 0 | M9: =COUNTIFS(Fields!$A$2:$A$1001,B9,Fields!$Z$2:$Z$1001,"B") -> 0 | N9: =COUNTIFS(Fields!$A$2:$A$1001,B9,Fields!$Z$2:$Z$1001,"C") -> 0 | O9: =COUNTIFS(Fields!$A$2:$A$1001,B9,Fields!$Z$2:$Z$1001,"A",Fields!$W$2:$W$1001,"Yes")+COUNTIFS(Fields!$A$2:$A$1001,B9,Fields!$Z$2:$Z$1001,"B",Fields!$W$2:$W$1001,"Yes") -> 0 | P9: =IF(L9>0,"A",IF(M9>0,"B",IF(N9>0,"C","")))
A10: Central | B10: Fearon Park | D10: unreviewed | J10: =COUNTIF(Fields!$A$2:$A$1001,B10) -> 0 | K10: =COUNTIFS(Fields!$A$2:$A$1001,B10,Fields!$T$2:$T$1001,"vetted") -> 0 | L10: =COUNTIFS(Fields!$A$2:$A$1001,B10,Fields!$Z$2:$Z$1001,"A") -> 0 | M10: =COUNTIFS(Fields!$A$2:$A$1001,B10,Fields!$Z$2:$Z$1001,"B") -> 0 | N10: =COUNTIFS(Fields!$A$2:$A$1001,B10,Fields!$Z$2:$Z$1001,"C") -> 0 | O10: =COUNTIFS(Fields!$A$2:$A$1001,B10,Fields!$Z$2:$Z$1001,"A",Fields!$W$2:$W$1001,"Yes")+COUNTIFS(Fields!$A$2:$A$1001,B10,Fields!$Z$2:$Z$1001,"B",Fields!$W$2:$W$1001,"Yes") -> 0 | P10: =IF(L10>0,"A",IF(M10>0,"B",IF(N10>0,"C","")))
A11: Central | B11: Fergusson Domain | D11: unreviewed | J11: =COUNTIF(Fields!$A$2:$A$1001,B11) -> 0 | K11: =COUNTIFS(Fields!$A$2:$A$1001,B11,Fields!$T$2:$T$1001,"vetted") -> 0 | L11: =COUNTIFS(Fields!$A$2:$A$1001,B11,Fields!$Z$2:$Z$1001,"A") -> 0 | M11: =COUNTIFS(Fields!$A$2:$A$1001,B11,Fields!$Z$2:$Z$1001,"B") -> 0 | N11: =COUNTIFS(Fields!$A$2:$A$1001,B11,Fields!$Z$2:$Z$1001,"C") -> 0 | O11: =COUNTIFS(Fields!$A$2:$A$1001,B11,Fields!$Z$2:$Z$1001,"A",Fields!$W$2:$W$1001,"Yes")+COUNTIFS(Fields!$A$2:$A$1001,B11,Fields!$Z$2:$Z$1001,"B",Fields!$W$2:$W$1001,"Yes") -> 0 | P11: =IF(L11>0,"A",IF(M11>0,"B",IF(N11>0,"C","")))
A12: Central | B12: Fowlds Park | D12: unreviewed | J12: =COUNTIF(Fields!$A$2:$A$1001,B12) -> 0 | K12: =COUNTIFS(Fields!$A$2:$A$1001,B12,Fields!$T$2:$T$1001,"vetted") -> 0 | L12: =COUNTIFS(Fields!$A$2:$A$1001,B12,Fields!$Z$2:$Z$1001,"A") -> 0 | M12: =COUNTIFS(Fields!$A$2:$A$1001,B12,Fields!$Z$2:$Z$1001,"B") -> 0 | N12: =COUNTIFS(Fields!$A$2:$A$1001,B12,Fields!$Z$2:$Z$1001,"C") -> 0 | O12: =COUNTIFS(Fields!$A$2:$A$1001,B12,Fields!$Z$2:$Z$1001,"A",Fields!$W$2:$W$1001,"Yes")+COUNTIFS(Fields!$A$2:$A$1001,B12,Fields!$Z$2:$Z$1001,"B",Fields!$W$2:$W$1001,"Yes") -> 0 | P12: =IF(L12>0,"A",IF(M12>0,"B",IF(N12>0,"C","")))
A13: Central | B13: Freyberg Field | D13: unreviewed | J13: =COUNTIF(Fields!$A$2:$A$1001,B13) -> 0 | K13: =COUNTIFS(Fields!$A$2:$A$1001,B13,Fields!$T$2:$T$1001,"vetted") -> 0 | L13: =COUNTIFS(Fields!$A$2:$A$1001,B13,Fields!$Z$2:$Z$1001,"A") -> 0 | M13: =COUNTIFS(Fields!$A$2:$A$1001,B13,Fields!$Z$2:$Z$1001,"B") -> 0 | N13: =COUNTIFS(Fields!$A$2:$A$1001,B13,Fields!$Z$2:$Z$1001,"C") -> 0 | O13: =COUNTIFS(Fields!$A$2:$A$1001,B13,Fields!$Z$2:$Z$1001,"A",Fields!$W$2:$W$1001,"Yes")+COUNTIFS(Fields!$A$2:$A$1001,B13,Fields!$Z$2:$Z$1001,"B",Fields!$W$2:$W$1001,"Yes") -> 0 | P13: =IF(L13>0,"A",IF(M13>0,"B",IF(N13>0,"C","")))
... A255: West | B255: Zita Maria Park | D255: unreviewed | J255: =COUNTIF(Fields!$A$2:$A$1001,B255) -> 0 | K255: =COUNTIFS(Fields!$A$2:$A$1001,B255,Fields!$T$2:$T$1001,"vetted") -> 0 | L255: =COUNTIFS(Fields!$A$2:$A$1001,B255,Fields!$Z$2:$Z$1001,"A") -> 0 | M255: =COUNTIFS(Fields!$A$2:$A$1001,B255,Fields!$Z$2:$Z$1001,"B") -> 0 | N255: =COUNTIFS(Fields!$A$2:$A$1001,B255,Fields!$Z$2:$Z$1001,"C") -> 0 | O255: =COUNTIFS(Fields!$A$2:$A$1001,B255,Fields!$Z$2:$Z$1001,"A",Fields!$W$2:$W$1001,"Yes")+COUNTIFS(Fields!$A$2:$A$1001,B255,Fields!$Z$2:$Z$1001,"B",Fields!$W$2:$W$1001,"Yes") -> 0 | P255: =IF(L255>0,"A",IF(M255>0,"B",IF(N255>0,"C","")))

Sheet Fields
A1: Park | B1: Region | C1: Council field name | D1: Auto fit guess | E1: Ultimate fit | F1: Surface | G1: Lights | H1: Lights access | I1: Lights verified | J1: Quality (1–5) | K1: Season | L1: Season notes | M1: Apps confirmed | N1: Apps declined | O1: Reliability | P1: Tier override | Q1: Tier note | R1: Vetted by | S1: Vetted on | T1: Status | U1: Unsuitable reason | V1: Notes | W1: Evening OK | X1: Fit used | Y1: Computed tier | Z1: Final tier
A2: Devonport Domain | B2: =IF(A2="","",IFERROR(INDEX(Parks!$A$2:$A$255,MATCH(A2,Parks!$B$2:$B$255,0)),"?")) -> North | C2: Devonport Domain Cricket 1 | D2: =IF(C2="","",IF(SUMPRODUCT(--ISNUMBER(SEARCH({"Nets","Wicket","Diamond","Softball","T-ball","Baseball","Netball","Tennis","Bocce","Pentaque","Petanque","Skate","Car Park","Pond","Bridle","Amphitheatre","Perimeter","Passive"},C2)))>0,"no",IF(SUMPRODUCT(--ISNUMBER(SEARCH({"Cricket","Junior","Mini","Summer Football","Small"},C2)))>0,"reduced",IF(SUMPRODUCT(--ISNUMBER(SEARCH({"Rugby","Football","League","Touch","Gaelic","Australian","Lacrosse","General Sport","Training Area","Ultimate"},C2)))>0,"full","unknown")))) -> reduced | O2: =IF(C2="","",IF(N(M2)+N(N2)<Settings!$C$9,"untested",M2/(M2+N2))) -> untested | T2: candidate | W2: =IF(C2="","",IF(OR(G2="training",G2="full"),"Yes",IF(G2="none","No","?"))) -> ? | X2: =IF(C2="","",IF(OR(E2="",E2="unknown"),D2,E2)) -> reduced | Y2: =IF(C2="","",IF(OR(T2="unsuitable",T2="retired",X2="no"),"—",IF(J2="","unrated",IF(AND(X2="full",J2>=Settings!$C$5,OR(O2="untested",O2>=Settings!$C$6)),"A",IF(AND(OR(X2="full",X2="reduced"),J2>=Settings!$C$7,OR(O2="untested",O2>=Settings!$C$8)),"B","C"))))) -> unrated | Z2: =IF(C2="","",IF(P2<>"",P2,Y2)) -> unrated
A3: Devonport Domain | B3: =IF(A3="","",IFERROR(INDEX(Parks!$A$2:$A$255,MATCH(A3,Parks!$B$2:$B$255,0)),"?")) -> North | C3: Devonport Domain Cricket 2 | D3: =IF(C3="","",IF(SUMPRODUCT(--ISNUMBER(SEARCH({"Nets","Wicket","Diamond","Softball","T-ball","Baseball","Netball","Tennis","Bocce","Pentaque","Petanque","Skate","Car Park","Pond","Bridle","Amphitheatre","Perimeter","Passive"},C3)))>0,"no",IF(SUMPRODUCT(--ISNUMBER(SEARCH({"Cricket","Junior","Mini","Summer Football","Small"},C3)))>0,"reduced",IF(SUMPRODUCT(--ISNUMBER(SEARCH({"Rugby","Football","League","Touch","Gaelic","Australian","Lacrosse","General Sport","Training Area","Ultimate"},C3)))>0,"full","unknown")))) -> reduced | O3: =IF(C3="","",IF(N(M3)+N(N3)<Settings!$C$9,"untested",M3/(M3+N3))) -> untested | T3: candidate | W3: =IF(C3="","",IF(OR(G3="training",G3="full"),"Yes",IF(G3="none","No","?"))) -> ? | X3: =IF(C3="","",IF(OR(E3="",E3="unknown"),D3,E3)) -> reduced | Y3: =IF(C3="","",IF(OR(T3="unsuitable",T3="retired",X3="no"),"—",IF(J3="","unrated",IF(AND(X3="full",J3>=Settings!$C$5,OR(O3="untested",O3>=Settings!$C$6)),"A",IF(AND(OR(X3="full",X3="reduced"),J3>=Settings!$C$7,OR(O3="untested",O3>=Settings!$C$8)),"B","C"))))) -> unrated | Z3: =IF(C3="","",IF(P3<>"",P3,Y3)) -> unrated
A4: Devonport Domain | B4: =IF(A4="","",IFERROR(INDEX(Parks!$A$2:$A$255,MATCH(A4,Parks!$B$2:$B$255,0)),"?")) -> North | C4: Devonport Domain Cricket 3 | D4: =IF(C4="","",IF(SUMPRODUCT(--ISNUMBER(SEARCH({"Nets","Wicket","Diamond","Softball","T-ball","Baseball","Netball","Tennis","Bocce","Pentaque","Petanque","Skate","Car Park","Pond","Bridle","Amphitheatre","Perimeter","Passive"},C4)))>0,"no",IF(SUMPRODUCT(--ISNUMBER(SEARCH({"Cricket","Junior","Mini","Summer Football","Small"},C4)))>0,"reduced",IF(SUMPRODUCT(--ISNUMBER(SEARCH({"Rugby","Football","League","Touch","Gaelic","Australian","Lacrosse","General Sport","Training Area","Ultimate"},C4)))>0,"full","unknown")))) -> reduced | O4: =IF(C4="","",IF(N(M4)+N(N4)<Settings!$C$9,"untested",M4/(M4+N4))) -> untested | T4: candidate | W4: =IF(C4="","",IF(OR(G4="training",G4="full"),"Yes",IF(G4="none","No","?"))) -> ? | X4: =IF(C4="","",IF(OR(E4="",E4="unknown"),D4,E4)) -> reduced | Y4: =IF(C4="","",IF(OR(T4="unsuitable",T4="retired",X4="no"),"—",IF(J4="","unrated",IF(AND(X4="full",J4>=Settings!$C$5,OR(O4="untested",O4>=Settings!$C$6)),"A",IF(AND(OR(X4="full",X4="reduced"),J4>=Settings!$C$7,OR(O4="untested",O4>=Settings!$C$8)),"B","C"))))) -> unrated | Z4: =IF(C4="","",IF(P4<>"",P4,Y4)) -> unrated
A5: Devonport Domain | B5: =IF(A5="","",IFERROR(INDEX(Parks!$A$2:$A$255,MATCH(A5,Parks!$B$2:$B$255,0)),"?")) -> North | C5: Devonport Domain Cricket 4 | D5: =IF(C5="","",IF(SUMPRODUCT(--ISNUMBER(SEARCH({"Nets","Wicket","Diamond","Softball","T-ball","Baseball","Netball","Tennis","Bocce","Pentaque","Petanque","Skate","Car Park","Pond","Bridle","Amphitheatre","Perimeter","Passive"},C5)))>0,"no",IF(SUMPRODUCT(--ISNUMBER(SEARCH({"Cricket","Junior","Mini","Summer Football","Small"},C5)))>0,"reduced",IF(SUMPRODUCT(--ISNUMBER(SEARCH({"Rugby","Football","League","Touch","Gaelic","Australian","Lacrosse","General Sport","Training Area","Ultimate"},C5)))>0,"full","unknown")))) -> reduced | O5: =IF(C5="","",IF(N(M5)+N(N5)<Settings!$C$9,"untested",M5/(M5+N5))) -> untested | T5: candidate | W5: =IF(C5="","",IF(OR(G5="training",G5="full"),"Yes",IF(G5="none","No","?"))) -> ? | X5: =IF(C5="","",IF(OR(E5="",E5="unknown"),D5,E5)) -> reduced | Y5: =IF(C5="","",IF(OR(T5="unsuitable",T5="retired",X5="no"),"—",IF(J5="","unrated",IF(AND(X5="full",J5>=Settings!$C$5,OR(O5="untested",O5>=Settings!$C$6)),"A",IF(AND(OR(X5="full",X5="reduced"),J5>=Settings!$C$7,OR(O5="untested",O5>=Settings!$C$8)),"B","C"))))) -> unrated | Z5: =IF(C5="","",IF(P5<>"",P5,Y5)) -> unrated
A6: Devonport Domain | B6: =IF(A6="","",IFERROR(INDEX(Parks!$A$2:$A$255,MATCH(A6,Parks!$B$2:$B$255,0)),"?")) -> North | C6: Devonport Domain Cricket Nets 1 | D6: =IF(C6="","",IF(SUMPRODUCT(--ISNUMBER(SEARCH({"Nets","Wicket","Diamond","Softball","T-ball","Baseball","Netball","Tennis","Bocce","Pentaque","Petanque","Skate","Car Park","Pond","Bridle","Amphitheatre","Perimeter","Passive"},C6)))>0,"no",IF(SUMPRODUCT(--ISNUMBER(SEARCH({"Cricket","Junior","Mini","Summer Football","Small"},C6)))>0,"reduced",IF(SUMPRODUCT(--ISNUMBER(SEARCH({"Rugby","Football","League","Touch","Gaelic","Australian","Lacrosse","General Sport","Training Area","Ultimate"},C6)))>0,"full","unknown")))) -> no | O6: =IF(C6="","",IF(N(M6)+N(N6)<Settings!$C$9,"untested",M6/(M6+N6))) -> untested | T6: candidate | W6: =IF(C6="","",IF(OR(G6="training",G6="full"),"Yes",IF(G6="none","No","?"))) -> ? | X6: =IF(C6="","",IF(OR(E6="",E6="unknown"),D6,E6)) -> no | Y6: =IF(C6="","",IF(OR(T6="unsuitable",T6="retired",X6="no"),"—",IF(J6="","unrated",IF(AND(X6="full",J6>=Settings!$C$5,OR(O6="untested",O6>=Settings!$C$6)),"A",IF(AND(OR(X6="full",X6="reduced"),J6>=Settings!$C$7,OR(O6="untested",O6>=Settings!$C$8)),"B","C"))))) -> — | Z6: =IF(C6="","",IF(P6<>"",P6,Y6)) -> —
A7: Devonport Domain | B7: =IF(A7="","",IFERROR(INDEX(Parks!$A$2:$A$255,MATCH(A7,Parks!$B$2:$B$255,0)),"?")) -> North | C7: Devonport Domain General Sport 3 | D7: =IF(C7="","",IF(SUMPRODUCT(--ISNUMBER(SEARCH({"Nets","Wicket","Diamond","Softball","T-ball","Baseball","Netball","Tennis","Bocce","Pentaque","Petanque","Skate","Car Park","Pond","Bridle","Amphitheatre","Perimeter","Passive"},C7)))>0,"no",IF(SUMPRODUCT(--ISNUMBER(SEARCH({"Cricket","Junior","Mini","Summer Football","Small"},C7)))>0,"reduced",IF(SUMPRODUCT(--ISNUMBER(SEARCH({"Rugby","Football","League","Touch","Gaelic","Australian","Lacrosse","General Sport","Training Area","Ultimate"},C7)))>0,"full","unknown")))) -> full | O7: =IF(C7="","",IF(N(M7)+N(N7)<Settings!$C$9,"untested",M7/(M7+N7))) -> untested | T7: candidate | W7: =IF(C7="","",IF(OR(G7="training",G7="full"),"Yes",IF(G7="none","No","?"))) -> ? | X7: =IF(C7="","",IF(OR(E7="",E7="unknown"),D7,E7)) -> full | Y7: =IF(C7="","",IF(OR(T7="unsuitable",T7="retired",X7="no"),"—",IF(J7="","unrated",IF(AND(X7="full",J7>=Settings!$C$5,OR(O7="untested",O7>=Settings!$C$6)),"A",IF(AND(OR(X7="full",X7="reduced"),J7>=Settings!$C$7,OR(O7="untested",O7>=Settings!$C$8)),"B","C"))))) -> unrated | Z7: =IF(C7="","",IF(P7<>"",P7,Y7)) -> unrated
A8: Devonport Domain | B8: =IF(A8="","",IFERROR(INDEX(Parks!$A$2:$A$255,MATCH(A8,Parks!$B$2:$B$255,0)),"?")) -> North | C8: Devonport Domain Rugby 1 | D8: =IF(C8="","",IF(SUMPRODUCT(--ISNUMBER(SEARCH({"Nets","Wicket","Diamond","Softball","T-ball","Baseball","Netball","Tennis","Bocce","Pentaque","Petanque","Skate","Car Park","Pond","Bridle","Amphitheatre","Perimeter","Passive"},C8)))>0,"no",IF(SUMPRODUCT(--ISNUMBER(SEARCH({"Cricket","Junior","Mini","Summer Football","Small"},C8)))>0,"reduced",IF(SUMPRODUCT(--ISNUMBER(SEARCH({"Rugby","Football","League","Touch","Gaelic","Australian","Lacrosse","General Sport","Training Area","Ultimate"},C8)))>0,"full","unknown")))) -> full | O8: =IF(C8="","",IF(N(M8)+N(N8)<Settings!$C$9,"untested",M8/(M8+N8))) -> untested | T8: candidate | W8: =IF(C8="","",IF(OR(G8="training",G8="full"),"Yes",IF(G8="none","No","?"))) -> ? | X8: =IF(C8="","",IF(OR(E8="",E8="unknown"),D8,E8)) -> full | Y8: =IF(C8="","",IF(OR(T8="unsuitable",T8="retired",X8="no"),"—",IF(J8="","unrated",IF(AND(X8="full",J8>=Settings!$C$5,OR(O8="untested",O8>=Settings!$C$6)),"A",IF(AND(OR(X8="full",X8="reduced"),J8>=Settings!$C$7,OR(O8="untested",O8>=Settings!$C$8)),"B","C"))))) -> unrated | Z8: =IF(C8="","",IF(P8<>"",P8,Y8)) -> unrated
A9: Devonport Domain | B9: =IF(A9="","",IFERROR(INDEX(Parks!$A$2:$A$255,MATCH(A9,Parks!$B$2:$B$255,0)),"?")) -> North | C9: Devonport Domain Rugby 2 | D9: =IF(C9="","",IF(SUMPRODUCT(--ISNUMBER(SEARCH({"Nets","Wicket","Diamond","Softball","T-ball","Baseball","Netball","Tennis","Bocce","Pentaque","Petanque","Skate","Car Park","Pond","Bridle","Amphitheatre","Perimeter","Passive"},C9)))>0,"no",IF(SUMPRODUCT(--ISNUMBER(SEARCH({"Cricket","Junior","Mini","Summer Football","Small"},C9)))>0,"reduced",IF(SUMPRODUCT(--ISNUMBER(SEARCH({"Rugby","Football","League","Touch","Gaelic","Australian","Lacrosse","General Sport","Training Area","Ultimate"},C9)))>0,"full","unknown")))) -> full | O9: =IF(C9="","",IF(N(M9)+N(N9)<Settings!$C$9,"untested",M9/(M9+N9))) -> untested | T9: candidate | W9: =IF(C9="","",IF(OR(G9="training",G9="full"),"Yes",IF(G9="none","No","?"))) -> ? | X9: =IF(C9="","",IF(OR(E9="",E9="unknown"),D9,E9)) -> full | Y9: =IF(C9="","",IF(OR(T9="unsuitable",T9="retired",X9="no"),"—",IF(J9="","unrated",IF(AND(X9="full",J9>=Settings!$C$5,OR(O9="untested",O9>=Settings!$C$6)),"A",IF(AND(OR(X9="full",X9="reduced"),J9>=Settings!$C$7,OR(O9="untested",O9>=Settings!$C$8)),"B","C"))))) -> unrated | Z9: =IF(C9="","",IF(P9<>"",P9,Y9)) -> unrated
B10: =IF(A10="","",IFERROR(INDEX(Parks!$A$2:$A$255,MATCH(A10,Parks!$B$2:$B$255,0)),"?")) | D10: =IF(C10="","",IF(SUMPRODUCT(--ISNUMBER(SEARCH({"Nets","Wicket","Diamond","Softball","T-ball","Baseball","Netball","Tennis","Bocce","Pentaque","Petanque","Skate","Car Park","Pond","Bridle","Amphitheatre","Perimeter","Passive"},C10)))>0,"no",IF(SUMPRODUCT(--ISNUMBER(SEARCH({"Cricket","Junior","Mini","Summer Football","Small"},C10)))>0,"reduced",IF(SUMPRODUCT(--ISNUMBER(SEARCH({"Rugby","Football","League","Touch","Gaelic","Australian","Lacrosse","General Sport","Training Area","Ultimate"},C10)))>0,"full","unknown")))) | O10: =IF(C10="","",IF(N(M10)+N(N10)<Settings!$C$9,"untested",M10/(M10+N10))) | W10: =IF(C10="","",IF(OR(G10="training",G10="full"),"Yes",IF(G10="none","No","?"))) | X10: =IF(C10="","",IF(OR(E10="",E10="unknown"),D10,E10)) | Y10: =IF(C10="","",IF(OR(T10="unsuitable",T10="retired",X10="no"),"—",IF(J10="","unrated",IF(AND(X10="full",J10>=Settings!$C$5,OR(O10="untested",O10>=Settings!$C$6)),"A",IF(AND(OR(X10="full",X10="reduced"),J10>=Settings!$C$7,OR(O10="untested",O10>=Settings!$C$8)),"B","C"))))) | Z10: =IF(C10="","",IF(P10<>"",P10,Y10))
B11: =IF(A11="","",IFERROR(INDEX(Parks!$A$2:$A$255,MATCH(A11,Parks!$B$2:$B$255,0)),"?")) | D11: =IF(C11="","",IF(SUMPRODUCT(--ISNUMBER(SEARCH({"Nets","Wicket","Diamond","Softball","T-ball","Baseball","Netball","Tennis","Bocce","Pentaque","Petanque","Skate","Car Park","Pond","Bridle","Amphitheatre","Perimeter","Passive"},C11)))>0,"no",IF(SUMPRODUCT(--ISNUMBER(SEARCH({"Cricket","Junior","Mini","Summer Football","Small"},C11)))>0,"reduced",IF(SUMPRODUCT(--ISNUMBER(SEARCH({"Rugby","Football","League","Touch","Gaelic","Australian","Lacrosse","General Sport","Training Area","Ultimate"},C11)))>0,"full","unknown")))) | O11: =IF(C11="","",IF(N(M11)+N(N11)<Settings!$C$9,"untested",M11/(M11+N11))) | W11: =IF(C11="","",IF(OR(G11="training",G11="full"),"Yes",IF(G11="none","No","?"))) | X11: =IF(C11="","",IF(OR(E11="",E11="unknown"),D11,E11)) | Y11: =IF(C11="","",IF(OR(T11="unsuitable",T11="retired",X11="no"),"—",IF(J11="","unrated",IF(AND(X11="full",J11>=Settings!$C$5,OR(O11="untested",O11>=Settings!$C$6)),"A",IF(AND(OR(X11="full",X11="reduced"),J11>=Settings!$C$7,OR(O11="untested",O11>=Settings!$C$8)),"B","C"))))) | Z11: =IF(C11="","",IF(P11<>"",P11,Y11))
B12: =IF(A12="","",IFERROR(INDEX(Parks!$A$2:$A$255,MATCH(A12,Parks!$B$2:$B$255,0)),"?")) | D12: =IF(C12="","",IF(SUMPRODUCT(--ISNUMBER(SEARCH({"Nets","Wicket","Diamond","Softball","T-ball","Baseball","Netball","Tennis","Bocce","Pentaque","Petanque","Skate","Car Park","Pond","Bridle","Amphitheatre","Perimeter","Passive"},C12)))>0,"no",IF(SUMPRODUCT(--ISNUMBER(SEARCH({"Cricket","Junior","Mini","Summer Football","Small"},C12)))>0,"reduced",IF(SUMPRODUCT(--ISNUMBER(SEARCH({"Rugby","Football","League","Touch","Gaelic","Australian","Lacrosse","General Sport","Training Area","Ultimate"},C12)))>0,"full","unknown")))) | O12: =IF(C12="","",IF(N(M12)+N(N12)<Settings!$C$9,"untested",M12/(M12+N12))) | W12: =IF(C12="","",IF(OR(G12="training",G12="full"),"Yes",IF(G12="none","No","?"))) | X12: =IF(C12="","",IF(OR(E12="",E12="unknown"),D12,E12)) | Y12: =IF(C12="","",IF(OR(T12="unsuitable",T12="retired",X12="no"),"—",IF(J12="","unrated",IF(AND(X12="full",J12>=Settings!$C$5,OR(O12="untested",O12>=Settings!$C$6)),"A",IF(AND(OR(X12="full",X12="reduced"),J12>=Settings!$C$7,OR(O12="untested",O12>=Settings!$C$8)),"B","C"))))) | Z12: =IF(C12="","",IF(P12<>"",P12,Y12))
B13: =IF(A13="","",IFERROR(INDEX(Parks!$A$2:$A$255,MATCH(A13,Parks!$B$2:$B$255,0)),"?")) | D13: =IF(C13="","",IF(SUMPRODUCT(--ISNUMBER(SEARCH({"Nets","Wicket","Diamond","Softball","T-ball","Baseball","Netball","Tennis","Bocce","Pentaque","Petanque","Skate","Car Park","Pond","Bridle","Amphitheatre","Perimeter","Passive"},C13)))>0,"no",IF(SUMPRODUCT(--ISNUMBER(SEARCH({"Cricket","Junior","Mini","Summer Football","Small"},C13)))>0,"reduced",IF(SUMPRODUCT(--ISNUMBER(SEARCH({"Rugby","Football","League","Touch","Gaelic","Australian","Lacrosse","General Sport","Training Area","Ultimate"},C13)))>0,"full","unknown")))) | O13: =IF(C13="","",IF(N(M13)+N(N13)<Settings!$C$9,"untested",M13/(M13+N13))) | W13: =IF(C13="","",IF(OR(G13="training",G13="full"),"Yes",IF(G13="none","No","?"))) | X13: =IF(C13="","",IF(OR(E13="",E13="unknown"),D13,E13)) | Y13: =IF(C13="","",IF(OR(T13="unsuitable",T13="retired",X13="no"),"—",IF(J13="","unrated",IF(AND(X13="full",J13>=Settings!$C$5,OR(O13="untested",O13>=Settings!$C$6)),"A",IF(AND(OR(X13="full",X13="reduced"),J13>=Settings!$C$7,OR(O13="untested",O13>=Settings!$C$8)),"B","C"))))) | Z13: =IF(C13="","",IF(P13<>"",P13,Y13))
B14: =IF(A14="","",IFERROR(INDEX(Parks!$A$2:$A$255,MATCH(A14,Parks!$B$2:$B$255,0)),"?")) | D14: =IF(C14="","",IF(SUMPRODUCT(--ISNUMBER(SEARCH({"Nets","Wicket","Diamond","Softball","T-ball","Baseball","Netball","Tennis","Bocce","Pentaque","Petanque","Skate","Car Park","Pond","Bridle","Amphitheatre","Perimeter","Passive"},C14)))>0,"no",IF(SUMPRODUCT(--ISNUMBER(SEARCH({"Cricket","Junior","Mini","Summer Football","Small"},C14)))>0,"reduced",IF(SUMPRODUCT(--ISNUMBER(SEARCH({"Rugby","Football","League","Touch","Gaelic","Australian","Lacrosse","General Sport","Training Area","Ultimate"},C14)))>0,"full","unknown")))) | O14: =IF(C14="","",IF(N(M14)+N(N14)<Settings!$C$9,"untested",M14/(M14+N14))) | W14: =IF(C14="","",IF(OR(G14="training",G14="full"),"Yes",IF(G14="none","No","?"))) | X14: =IF(C14="","",IF(OR(E14="",E14="unknown"),D14,E14)) | Y14: =IF(C14="","",IF(OR(T14="unsuitable",T14="retired",X14="no"),"—",IF(J14="","unrated",IF(AND(X14="full",J14>=Settings!$C$5,OR(O14="untested",O14>=Settings!$C$6)),"A",IF(AND(OR(X14="full",X14="reduced"),J14>=Settings!$C$7,OR(O14="untested",O14>=Settings!$C$8)),"B","C"))))) | Z14: =IF(C14="","",IF(P14<>"",P14,Y14))
B15: =IF(A15="","",IFERROR(INDEX(Parks!$A$2:$A$255,MATCH(A15,Parks!$B$2:$B$255,0)),"?")) | D15: =IF(C15="","",IF(SUMPRODUCT(--ISNUMBER(SEARCH({"Nets","Wicket","Diamond","Softball","T-ball","Baseball","Netball","Tennis","Bocce","Pentaque","Petanque","Skate","Car Park","Pond","Bridle","Amphitheatre","Perimeter","Passive"},C15)))>0,"no",IF(SUMPRODUCT(--ISNUMBER(SEARCH({"Cricket","Junior","Mini","Summer Football","Small"},C15)))>0,"reduced",IF(SUMPRODUCT(--ISNUMBER(SEARCH({"Rugby","Football","League","Touch","Gaelic","Australian","Lacrosse","General Sport","Training Area","Ultimate"},C15)))>0,"full","unknown")))) | O15: =IF(C15="","",IF(N(M15)+N(N15)<Settings!$C$9,"untested",M15/(M15+N15))) | W15: =IF(C15="","",IF(OR(G15="training",G15="full"),"Yes",IF(G15="none","No","?"))) | X15: =IF(C15="","",IF(OR(E15="",E15="unknown"),D15,E15)) | Y15: =IF(C15="","",IF(OR(T15="unsuitable",T15="retired",X15="no"),"—",IF(J15="","unrated",IF(AND(X15="full",J15>=Settings!$C$5,OR(O15="untested",O15>=Settings!$C$6)),"A",IF(AND(OR(X15="full",X15="reduced"),J15>=Settings!$C$7,OR(O15="untested",O15>=Settings!$C$8)),"B","C"))))) | Z15: =IF(C15="","",IF(P15<>"",P15,Y15))
B16: =IF(A16="","",IFERROR(INDEX(Parks!$A$2:$A$255,MATCH(A16,Parks!$B$2:$B$255,0)),"?")) | D16: =IF(C16="","",IF(SUMPRODUCT(--ISNUMBER(SEARCH({"Nets","Wicket","Diamond","Softball","T-ball","Baseball","Netball","Tennis","Bocce","Pentaque","Petanque","Skate","Car Park","Pond","Bridle","Amphitheatre","Perimeter","Passive"},C16)))>0,"no",IF(SUMPRODUCT(--ISNUMBER(SEARCH({"Cricket","Junior","Mini","Summer Football","Small"},C16)))>0,"reduced",IF(SUMPRODUCT(--ISNUMBER(SEARCH({"Rugby","Football","League","Touch","Gaelic","Australian","Lacrosse","General Sport","Training Area","Ultimate"},C16)))>0,"full","unknown")))) | O16: =IF(C16="","",IF(N(M16)+N(N16)<Settings!$C$9,"untested",M16/(M16+N16))) | W16: =IF(C16="","",IF(OR(G16="training",G16="full"),"Yes",IF(G16="none","No","?"))) | X16: =IF(C16="","",IF(OR(E16="",E16="unknown"),D16,E16)) | Y16: =IF(C16="","",IF(OR(T16="unsuitable",T16="retired",X16="no"),"—",IF(J16="","unrated",IF(AND(X16="full",J16>=Settings!$C$5,OR(O16="untested",O16>=Settings!$C$6)),"A",IF(AND(OR(X16="full",X16="reduced"),J16>=Settings!$C$7,OR(O16="untested",O16>=Settings!$C$8)),"B","C"))))) | Z16: =IF(C16="","",IF(P16<>"",P16,Y16))
B17: =IF(A17="","",IFERROR(INDEX(Parks!$A$2:$A$255,MATCH(A17,Parks!$B$2:$B$255,0)),"?")) | D17: =IF(C17="","",IF(SUMPRODUCT(--ISNUMBER(SEARCH({"Nets","Wicket","Diamond","Softball","T-ball","Baseball","Netball","Tennis","Bocce","Pentaque","Petanque","Skate","Car Park","Pond","Bridle","Amphitheatre","Perimeter","Passive"},C17)))>0,"no",IF(SUMPRODUCT(--ISNUMBER(SEARCH({"Cricket","Junior","Mini","Summer Football","Small"},C17)))>0,"reduced",IF(SUMPRODUCT(--ISNUMBER(SEARCH({"Rugby","Football","League","Touch","Gaelic","Australian","Lacrosse","General Sport","Training Area","Ultimate"},C17)))>0,"full","unknown")))) | O17: =IF(C17="","",IF(N(M17)+N(N17)<Settings!$C$9,"untested",M17/(M17+N17))) | W17: =IF(C17="","",IF(OR(G17="training",G17="full"),"Yes",IF(G17="none","No","?"))) | X17: =IF(C17="","",IF(OR(E17="",E17="unknown"),D17,E17)) | Y17: =IF(C17="","",IF(OR(T17="unsuitable",T17="retired",X17="no"),"—",IF(J17="","unrated",IF(AND(X17="full",J17>=Settings!$C$5,OR(O17="untested",O17>=Settings!$C$6)),"A",IF(AND(OR(X17="full",X17="reduced"),J17>=Settings!$C$7,OR(O17="untested",O17>=Settings!$C$8)),"B","C"))))) | Z17: =IF(C17="","",IF(P17<>"",P17,Y17))
B18: =IF(A18="","",IFERROR(INDEX(Parks!$A$2:$A$255,MATCH(A18,Parks!$B$2:$B$255,0)),"?")) | D18: =IF(C18="","",IF(SUMPRODUCT(--ISNUMBER(SEARCH({"Nets","Wicket","Diamond","Softball","T-ball","Baseball","Netball","Tennis","Bocce","Pentaque","Petanque","Skate","Car Park","Pond","Bridle","Amphitheatre","Perimeter","Passive"},C18)))>0,"no",IF(SUMPRODUCT(--ISNUMBER(SEARCH({"Cricket","Junior","Mini","Summer Football","Small"},C18)))>0,"reduced",IF(SUMPRODUCT(--ISNUMBER(SEARCH({"Rugby","Football","League","Touch","Gaelic","Australian","Lacrosse","General Sport","Training Area","Ultimate"},C18)))>0,"full","unknown")))) | O18: =IF(C18="","",IF(N(M18)+N(N18)<Settings!$C$9,"untested",M18/(M18+N18))) | W18: =IF(C18="","",IF(OR(G18="training",G18="full"),"Yes",IF(G18="none","No","?"))) | X18: =IF(C18="","",IF(OR(E18="",E18="unknown"),D18,E18)) | Y18: =IF(C18="","",IF(OR(T18="unsuitable",T18="retired",X18="no"),"—",IF(J18="","unrated",IF(AND(X18="full",J18>=Settings!$C$5,OR(O18="untested",O18>=Settings!$C$6)),"A",IF(AND(OR(X18="full",X18="reduced"),J18>=Settings!$C$7,OR(O18="untested",O18>=Settings!$C$8)),"B","C"))))) | Z18: =IF(C18="","",IF(P18<>"",P18,Y18))
B19: =IF(A19="","",IFERROR(INDEX(Parks!$A$2:$A$255,MATCH(A19,Parks!$B$2:$B$255,0)),"?")) | D19: =IF(C19="","",IF(SUMPRODUCT(--ISNUMBER(SEARCH({"Nets","Wicket","Diamond","Softball","T-ball","Baseball","Netball","Tennis","Bocce","Pentaque","Petanque","Skate","Car Park","Pond","Bridle","Amphitheatre","Perimeter","Passive"},C19)))>0,"no",IF(SUMPRODUCT(--ISNUMBER(SEARCH({"Cricket","Junior","Mini","Summer Football","Small"},C19)))>0,"reduced",IF(SUMPRODUCT(--ISNUMBER(SEARCH({"Rugby","Football","League","Touch","Gaelic","Australian","Lacrosse","General Sport","Training Area","Ultimate"},C19)))>0,"full","unknown")))) | O19: =IF(C19="","",IF(N(M19)+N(N19)<Settings!$C$9,"untested",M19/(M19+N19))) | W19: =IF(C19="","",IF(OR(G19="training",G19="full"),"Yes",IF(G19="none","No","?"))) | X19: =IF(C19="","",IF(OR(E19="",E19="unknown"),D19,E19)) | Y19: =IF(C19="","",IF(OR(T19="unsuitable",T19="retired",X19="no"),"—",IF(J19="","unrated",IF(AND(X19="full",J19>=Settings!$C$5,OR(O19="untested",O19>=Settings!$C$6)),"A",IF(AND(OR(X19="full",X19="reduced"),J19>=Settings!$C$7,OR(O19="untested",O19>=Settings!$C$8)),"B","C"))))) | Z19: =IF(C19="","",IF(P19<>"",P19,Y19))
B20: =IF(A20="","",IFERROR(INDEX(Parks!$A$2:$A$255,MATCH(A20,Parks!$B$2:$B$255,0)),"?")) | D20: =IF(C20="","",IF(SUMPRODUCT(--ISNUMBER(SEARCH({"Nets","Wicket","Diamond","Softball","T-ball","Baseball","Netball","Tennis","Bocce","Pentaque","Petanque","Skate","Car Park","Pond","Bridle","Amphitheatre","Perimeter","Passive"},C20)))>0,"no",IF(SUMPRODUCT(--ISNUMBER(SEARCH({"Cricket","Junior","Mini","Summer Football","Small"},C20)))>0,"reduced",IF(SUMPRODUCT(--ISNUMBER(SEARCH({"Rugby","Football","League","Touch","Gaelic","Australian","Lacrosse","General Sport","Training Area","Ultimate"},C20)))>0,"full","unknown")))) | O20: =IF(C20="","",IF(N(M20)+N(N20)<Settings!$C$9,"untested",M20/(M20+N20))) | W20: =IF(C20="","",IF(OR(G20="training",G20="full"),"Yes",IF(G20="none","No","?"))) | X20: =IF(C20="","",IF(OR(E20="",E20="unknown"),D20,E20)) | Y20: =IF(C20="","",IF(OR(T20="unsuitable",T20="retired",X20="no"),"—",IF(J20="","unrated",IF(AND(X20="full",J20>=Settings!$C$5,OR(O20="untested",O20>=Settings!$C$6)),"A",IF(AND(OR(X20="full",X20="reduced"),J20>=Settings!$C$7,OR(O20="untested",O20>=Settings!$C$8)),"B","C"))))) | Z20: =IF(C20="","",IF(P20<>"",P20,Y20))
B21: =IF(A21="","",IFERROR(INDEX(Parks!$A$2:$A$255,MATCH(A21,Parks!$B$2:$B$255,0)),"?")) | D21: =IF(C21="","",IF(SUMPRODUCT(--ISNUMBER(SEARCH({"Nets","Wicket","Diamond","Softball","T-ball","Baseball","Netball","Tennis","Bocce","Pentaque","Petanque","Skate","Car Park","Pond","Bridle","Amphitheatre","Perimeter","Passive"},C21)))>0,"no",IF(SUMPRODUCT(--ISNUMBER(SEARCH({"Cricket","Junior","Mini","Summer Football","Small"},C21)))>0,"reduced",IF(SUMPRODUCT(--ISNUMBER(SEARCH({"Rugby","Football","League","Touch","Gaelic","Australian","Lacrosse","General Sport","Training Area","Ultimate"},C21)))>0,"full","unknown")))) | O21: =IF(C21="","",IF(N(M21)+N(N21)<Settings!$C$9,"untested",M21/(M21+N21))) | W21: =IF(C21="","",IF(OR(G21="training",G21="full"),"Yes",IF(G21="none","No","?"))) | X21: =IF(C21="","",IF(OR(E21="",E21="unknown"),D21,E21)) | Y21: =IF(C21="","",IF(OR(T21="unsuitable",T21="retired",X21="no"),"—",IF(J21="","unrated",IF(AND(X21="full",J21>=Settings!$C$5,OR(O21="untested",O21>=Settings!$C$6)),"A",IF(AND(OR(X21="full",X21="reduced"),J21>=Settings!$C$7,OR(O21="untested",O21>=Settings!$C$8)),"B","C"))))) | Z21: =IF(C21="","",IF(P21<>"",P21,Y21))
... B1001: =IF(A1001="","",IFERROR(INDEX(Parks!$A$2:$A$255,MATCH(A1001,Parks!$B$2:$B$255,0)),"?")) | D1001: =IF(C1001="","",IF(SUMPRODUCT(--ISNUMBER(SEARCH({"Nets","Wicket","Diamond","Softball","T-ball","Baseball","Netball","Tennis","Bocce","Pentaque","Petanque","Skate","Car Park","Pond","Bridle","Amphitheatre","Perimeter","Passive"},C1001)))>0,"no",IF(SUMPRODUCT(--ISNUMBER(SEARCH({"Cricket","Junior","Mini","Summer Football","Small"},C1001)))>0,"reduced",IF(SUMPRODUCT(--ISNUMBER(SEARCH({"Rugby","Football","League","Touch","Gaelic","Australian","Lacrosse","General Sport","Training Area","Ultimate"},C1001)))>0,"full","unknown")))) | O1001: =IF(C1001="","",IF(N(M1001)+N(N1001)<Settings!$C$9,"untested",M1001/(M1001+N1001))) | W1001: =IF(C1001="","",IF(OR(G1001="training",G1001="full"),"Yes",IF(G1001="none","No","?"))) | X1001: =IF(C1001="","",IF(OR(E1001="",E1001="unknown"),D1001,E1001)) | Y1001: =IF(C1001="","",IF(OR(T1001="unsuitable",T1001="retired",X1001="no"),"—",IF(J1001="","unrated",IF(AND(X1001="full",J1001>=Settings!$C$5,OR(O1001="untested",O1001>=Settings!$C$6)),"A",IF(AND(OR(X1001="full",X1001="reduced"),J1001>=Settings!$C$7,OR(O1001="untested",O1001>=Settings!$C$8)),"B","C"))))) | Z1001: =IF(C1001="","",IF(P1001<>"",P1001,Y1001))

Sheet Summary
A1: Council field vetting — summary
A3: Region | B3: Parks | C3: Parks shortlisted | D3: Fields entered | E3: Fields vetted | F3: Unsuitable | G3: Tier A | H3: Tier B | I3: Tier C | J3: A/B with evening lights
A4: Central | B4: =COUNTIF(Parks!$A$2:$A$255,A4) -> 62 | C4: =COUNTIFS(Parks!$A$2:$A$255,A4,Parks!$D$2:$D$255,"shortlisted")+COUNTIFS(Parks!$A$2:$A$255,A4,Parks!$D$2:$D$255,"vetted") -> 0 | D4: =COUNTIFS(Fields!$B$2:$B$1001,A4,Fields!$C$2:$C$1001,"<>") -> 0 | E4: =COUNTIFS(Fields!$B$2:$B$1001,A4,Fields!$T$2:$T$1001,"vetted") -> 0 | F4: =COUNTIFS(Fields!$B$2:$B$1001,A4,Fields!$T$2:$T$1001,"unsuitable") -> 0 | G4: =COUNTIFS(Fields!$B$2:$B$1001,A4,Fields!$Z$2:$Z$1001,"A") -> 0 | H4: =COUNTIFS(Fields!$B$2:$B$1001,A4,Fields!$Z$2:$Z$1001,"B") -> 0 | I4: =COUNTIFS(Fields!$B$2:$B$1001,A4,Fields!$Z$2:$Z$1001,"C") -> 0 | J4: =COUNTIFS(Fields!$B$2:$B$1001,A4,Fields!$Z$2:$Z$1001,"A",Fields!$W$2:$W$1001,"Yes")+COUNTIFS(Fields!$B$2:$B$1001,A4,Fields!$Z$2:$Z$1001,"B",Fields!$W$2:$W$1001,"Yes") -> 0
A5: North | B5: =COUNTIF(Parks!$A$2:$A$255,A5) -> 62 | C5: =COUNTIFS(Parks!$A$2:$A$255,A5,Parks!$D$2:$D$255,"shortlisted")+COUNTIFS(Parks!$A$2:$A$255,A5,Parks!$D$2:$D$255,"vetted") -> 0 | D5: =COUNTIFS(Fields!$B$2:$B$1001,A5,Fields!$C$2:$C$1001,"<>") -> 8 | E5: =COUNTIFS(Fields!$B$2:$B$1001,A5,Fields!$T$2:$T$1001,"vetted") -> 0 | F5: =COUNTIFS(Fields!$B$2:$B$1001,A5,Fields!$T$2:$T$1001,"unsuitable") -> 0 | G5: =COUNTIFS(Fields!$B$2:$B$1001,A5,Fields!$Z$2:$Z$1001,"A") -> 0 | H5: =COUNTIFS(Fields!$B$2:$B$1001,A5,Fields!$Z$2:$Z$1001,"B") -> 0 | I5: =COUNTIFS(Fields!$B$2:$B$1001,A5,Fields!$Z$2:$Z$1001,"C") -> 0 | J5: =COUNTIFS(Fields!$B$2:$B$1001,A5,Fields!$Z$2:$Z$1001,"A",Fields!$W$2:$W$1001,"Yes")+COUNTIFS(Fields!$B$2:$B$1001,A5,Fields!$Z$2:$Z$1001,"B",Fields!$W$2:$W$1001,"Yes") -> 0
A6: South | B6: =COUNTIF(Parks!$A$2:$A$255,A6) -> 93 | C6: =COUNTIFS(Parks!$A$2:$A$255,A6,Parks!$D$2:$D$255,"shortlisted")+COUNTIFS(Parks!$A$2:$A$255,A6,Parks!$D$2:$D$255,"vetted") -> 0 | D6: =COUNTIFS(Fields!$B$2:$B$1001,A6,Fields!$C$2:$C$1001,"<>") -> 0 | E6: =COUNTIFS(Fields!$B$2:$B$1001,A6,Fields!$T$2:$T$1001,"vetted") -> 0 | F6: =COUNTIFS(Fields!$B$2:$B$1001,A6,Fields!$T$2:$T$1001,"unsuitable") -> 0 | G6: =COUNTIFS(Fields!$B$2:$B$1001,A6,Fields!$Z$2:$Z$1001,"A") -> 0 | H6: =COUNTIFS(Fields!$B$2:$B$1001,A6,Fields!$Z$2:$Z$1001,"B") -> 0 | I6: =COUNTIFS(Fields!$B$2:$B$1001,A6,Fields!$Z$2:$Z$1001,"C") -> 0 | J6: =COUNTIFS(Fields!$B$2:$B$1001,A6,Fields!$Z$2:$Z$1001,"A",Fields!$W$2:$W$1001,"Yes")+COUNTIFS(Fields!$B$2:$B$1001,A6,Fields!$Z$2:$Z$1001,"B",Fields!$W$2:$W$1001,"Yes") -> 0
A7: West | B7: =COUNTIF(Parks!$A$2:$A$255,A7) -> 37 | C7: =COUNTIFS(Parks!$A$2:$A$255,A7,Parks!$D$2:$D$255,"shortlisted")+COUNTIFS(Parks!$A$2:$A$255,A7,Parks!$D$2:$D$255,"vetted") -> 0 | D7: =COUNTIFS(Fields!$B$2:$B$1001,A7,Fields!$C$2:$C$1001,"<>") -> 0 | E7: =COUNTIFS(Fields!$B$2:$B$1001,A7,Fields!$T$2:$T$1001,"vetted") -> 0 | F7: =COUNTIFS(Fields!$B$2:$B$1001,A7,Fields!$T$2:$T$1001,"unsuitable") -> 0 | G7: =COUNTIFS(Fields!$B$2:$B$1001,A7,Fields!$Z$2:$Z$1001,"A") -> 0 | H7: =COUNTIFS(Fields!$B$2:$B$1001,A7,Fields!$Z$2:$Z$1001,"B") -> 0 | I7: =COUNTIFS(Fields!$B$2:$B$1001,A7,Fields!$Z$2:$Z$1001,"C") -> 0 | J7: =COUNTIFS(Fields!$B$2:$B$1001,A7,Fields!$Z$2:$Z$1001,"A",Fields!$W$2:$W$1001,"Yes")+COUNTIFS(Fields!$B$2:$B$1001,A7,Fields!$Z$2:$Z$1001,"B",Fields!$W$2:$W$1001,"Yes") -> 0
A8: Total | B8: =SUM(B4:B7) -> 254 | C8: =SUM(C4:C7) -> 0 | D8: =SUM(D4:D7) -> 8 | E8: =SUM(E4:E7) -> 0 | F8: =SUM(F4:F7) -> 0 | G8: =SUM(G4:G7) -> 0 | H8: =SUM(H4:H7) -> 0 | I8: =SUM(I4:I7) -> 0 | J8: =SUM(J4:J7) -> 0

Sheet Settings
A1: Tier rule thresholds
A2: Edit the yellow cells; every computed tier updates.
A4: Key | B4: Rule | C4: Value
A5: A_QUALITY | B5: Tier A: minimum quality (1–5) | C5: 4
A6: A_RELIABILITY | B6: Tier A: minimum reliability (share of applications confirmed) | C6: 0.7
A7: B_QUALITY | B7: Tier B: minimum quality (1–5) | C7: 3
A8: B_RELIABILITY | B8: Tier B: minimum reliability | C8: 0.4
A9: MIN_APPS | B9: Applications needed before reliability counts (fewer = 'untested') | C9: 2
A11: Source: AMUA field-vetting design (docs/council-field-vetting.md) — rule-of-thumb starting values, agreed as adjustable. Lights are NOT part of the tier: they only matter for evening slots (see 'Evening OK' on the Fields sheet).

Sheet Lists
A1: Ultimate fit | B1: Surface | C1: Lights | D1: Season | E1: Field status | F1: Park status | G1: Priority | H1: Tier | I1: Yes/No
A2: full | B2: grass | C2: none | D2: Both | E2: unreviewed | F2: unreviewed | G2: High | H2: A | I2: Yes
A3: reduced | B3: sand-carpet | C3: training | D3: Winter | E3: candidate | F3: shortlisted | G3: Medium | H3: B | I3: No
A4: no | B4: artificial | C4: full | D4: Summer | E4: shortlisted | F4: vetted | G4: Low | H4: C | I4: Unknown
A5: unknown | B5: unknown | C5: unknown | E5: vetted | F5: unsuitable
E6: unsuitable
E7: retired
